snp_id,proportion_missing
SDY_ion2,0.0017432646592709985
TN_423,0.5923930269413629
TN_1088,0.5729001584786054
