snp_id,proportion_missing
UtagF_SS_148c,0.0005473753352673929
c25_1441_SAC,0.0005473753352673929
TN_423,0.5962012151732443
TN_1088,0.48590508511686464
TN_301,0.0012589632711150036
c25_684F_713R_SACa,0.012699107778203515
c25_684F_713R_SACb,0.012534895177623297
