snp_id,proportion_missing
UtagF_SS_148c,0.0006487889273356401
c25_1441_SAC,0.0006487889273356401
TN_423,0.6036440311418685
TN_1088,0.49902681660899656
TN_301,0.004217128027681661
c25_684F_713R_SACa,0.02930363321799308
c25_684F_713R_SACb,0.029033304498269897
