snp_id,proportion_missing
TN_423,0.5923930269413629
TN_1088,0.5729001584786054
