snp_id,proportion_missing
UtagF_SS_148c,0.0
c25_1441_SAC,0.0
TN_423,0.5802199101442421
TN_1088,0.447741782927406
TN_301,0.0004138094112083235
c25_684F_713R_SACa,0.0010049657129344999
c25_684F_713R_SACb,0.0009458500827618822
